{"cameraMode":{"drawMode":0,"name":"Shaded","section":"Shading Mode"},"sceneLighting":true,"audioPlay":false,"sceneViewState":{"showFog":true,"showMaterialUpdate":false,"showSkybox":false,"showFlares":true,"showImageEffects":true,"showParticleSystems":true},"in2DMode":false,"pivot":{"x":-161.32632446289063,"y":474.81329345703127,"z":1219.8372802734375},"rotation":{"x":0.10349399596452713,"y":0.04982709884643555,"z":-0.005282616708427668,"w":0.9934236407279968},"size":6281.3681640625,"orthographic":false}