{"cameraMode":{"drawMode":0,"name":"Shaded","section":"Shading Mode"},"sceneLighting":false,"audioPlay":false,"sceneViewState":{"showFog":true,"showMaterialUpdate":false,"showSkybox":false,"showFlares":true,"showImageEffects":true,"showParticleSystems":true},"in2DMode":false,"pivot":{"x":0.4235445261001587,"y":0.0001359207963105291,"z":1.7005109786987305},"rotation":{"x":0.16863374412059785,"y":0.7583392262458801,"z":-0.21629291772842408,"w":0.591431200504303},"size":30.973915100097658,"orthographic":false}